Index,Close
0,112.457693
1,112.786067
2,113.25463
3,113.683836
4,113.130775
5,112.642906
6,113.02342
7,113.536463
8,113.431993
9,112.961734
